{"cameraMode":{"drawMode":0,"name":"Shaded","section":"Shading Mode"},"sceneLighting":false,"audioPlay":false,"sceneViewState":{"showFog":false,"showMaterialUpdate":false,"showSkybox":false,"showFlares":false,"showImageEffects":false,"showParticleSystems":false},"in2DMode":false,"pivot":{"x":-1.370220422744751,"y":0.25862663984298708,"z":0.7844849824905396},"rotation":{"x":-0.0030754234176129104,"y":-0.9964876770973206,"z":-0.0445701889693737,"w":0.07129784673452378},"size":1.6475529670715333,"orthographic":false}