{"cameraMode":{"drawMode":0,"name":"Shaded","section":"Shading Mode"},"sceneLighting":false,"audioPlay":false,"sceneViewState":{"showFog":false,"showMaterialUpdate":false,"showSkybox":false,"showFlares":false,"showImageEffects":false,"showParticleSystems":false},"in2DMode":false,"pivot":{"x":0.0016590505838394166,"y":1.335871934890747,"z":-0.1564483642578125},"rotation":{"x":0.07761280983686447,"y":0.005080664996057749,"z":0.0004134054761379957,"w":-0.9969922304153442},"size":2.0627686977386476,"orthographic":false}